Time,Fila Max,Ocupacao,E[N],E[W],Lambda,Erro de Little
100.000000,14,0.825578,3.678639,0.839872,2.190000,1.839320
200.000000,18,0.864256,5.011503,1.220359,2.110000,2.436546
300.000000,18,0.805019,3.918414,1.121745,1.956667,1.723533
400.000000,18,0.790474,3.572195,1.702278,1.972500,0.214452
500.000000,18,0.802109,3.765579,1.455596,1.974000,0.892234
600.000000,18,0.795347,3.593023,1.442558,1.973333,0.746375
700.000000,18,0.810614,3.889089,1.500482,1.970000,0.933139
800.000000,18,0.798442,3.905698,1.505337,1.971250,0.938302
900.000000,18,0.791323,3.720590,1.528087,1.956667,0.730633
1000.000000,22,0.796819,3.868775,1.932375,1.967000,0.067793
1100.000000,22,0.791679,3.729367,1.950237,1.968182,-0.109054
1200.000000,22,0.793736,3.749093,1.648480,1.985833,0.475487
1300.000000,22,0.786808,3.583714,1.668867,1.964615,0.305032
1400.000000,22,0.785476,3.553795,1.761458,1.962857,0.096304
1500.000000,22,0.784191,3.461608,0.995801,1.963333,1.506518
1600.000000,22,0.780676,3.389408,1.023002,1.967500,1.376651
1700.000000,22,0.775902,3.321641,1.055448,1.965882,1.246754
1800.000000,22,0.773484,3.275034,1.030086,1.963333,1.252631
1900.000000,22,0.772734,3.327961,1.225643,1.965263,0.919249
2000.000000,22,0.767751,3.273608,1.818677,1.963500,-0.297363
2100.000000,22,0.763750,3.234425,1.533524,1.956190,0.234561
2200.000000,22,0.765929,3.285297,0.685473,1.960000,1.941770
2300.000000,22,0.764313,3.247208,0.438333,1.964783,2.385979
2400.000000,22,0.765020,3.253022,0.669733,1.967500,1.935322
2500.000000,22,0.765942,3.262357,0.842546,1.962800,1.608608
2600.000000,22,0.768011,3.271952,0.987094,1.965769,1.331554
2700.000000,22,0.767884,3.243091,1.167706,1.961111,0.953089
2800.000000,22,0.769261,3.230031,0.470510,1.960357,2.307663
2900.000000,22,0.767303,3.220373,-0.149916,1.956207,3.513641
3000.000000,22,0.769670,3.250777,-0.023808,1.960667,3.297456
3100.000000,22,0.773688,3.338750,-0.058773,1.966774,3.454343
3200.000000,22,0.775167,3.343970,0.116656,1.971250,3.114012
3300.000000,25,0.778574,3.458192,-0.276004,1.980606,4.004848
3400.000000,25,0.779840,3.483279,-0.024748,1.980588,3.532296
3500.000000,25,0.779953,3.465852,0.022135,1.980000,3.422025
3600.000000,25,0.777554,3.434584,-0.011488,1.979167,3.457321
3700.000000,25,0.778216,3.447109,0.139112,1.977568,3.172006
3800.000000,28,0.781184,3.617027,0.330325,1.982632,2.962114
3900.000000,31,0.780856,3.784492,-0.105550,1.976154,3.993075
4000.000000,31,0.780366,3.763671,-0.577650,1.974250,4.904097
4100.000000,31,0.780959,3.740058,-0.379935,1.973415,4.489827
4200.000000,31,0.779975,3.733221,0.095354,1.969762,3.545396
4300.000000,31,0.781510,3.775996,0.087979,1.973256,3.602391
4400.000000,31,0.781120,3.753351,0.183181,1.974773,3.391609
4500.000000,31,0.779615,3.736436,0.286171,1.969333,3.172869
4600.000000,31,0.779430,3.730147,0.560327,1.969783,2.626426
4700.000000,31,0.782814,3.796730,0.589185,1.979149,2.630645
4800.000000,31,0.782632,3.766058,0.611375,1.981667,2.554517
4900.000000,31,0.780643,3.726718,0.919019,1.980612,1.906498
5000.000000,31,0.779947,3.691514,0.455353,1.978200,2.790734
5100.000000,31,0.781389,3.685187,0.017522,1.982549,3.650448
5200.000000,31,0.781535,3.663089,-0.281513,1.983462,4.221458
5300.000000,31,0.782138,3.665698,-0.086337,1.985849,3.837151
5400.000000,31,0.780381,3.631760,-0.002721,1.984074,3.637159
5500.000000,31,0.779118,3.596855,0.067558,1.981455,3.462992
5600.000000,31,0.781628,3.637563,0.488854,1.981964,2.668671
5700.000000,31,0.782253,3.621514,0.383372,1.982281,2.861563
5800.000000,31,0.781391,3.632587,0.437978,1.983793,2.763729
5900.000000,31,0.779785,3.613908,0.280280,1.981186,3.058620
6000.000000,31,0.779338,3.606969,0.348776,1.981167,2.915985
6100.000000,31,0.780242,3.602514,0.198812,1.981967,3.208475
6200.000000,31,0.782377,3.619933,0.341819,1.984677,2.941533
6300.000000,31,0.782443,3.626243,0.542998,1.985397,2.548177
6400.000000,31,0.782233,3.613915,0.645263,1.984687,2.333270
6500.000000,31,0.781637,3.611725,0.912589,1.983692,1.801429
6600.000000,31,0.783339,3.620537,1.048478,1.986061,1.538195
6700.000000,31,0.782595,3.598614,1.128937,1.982388,1.360622
6800.000000,31,0.784561,3.636162,1.268607,1.984118,1.119097
6900.000000,31,0.785369,3.649733,1.383518,1.986522,0.901344
7000.000000,31,0.786976,3.658455,1.147836,1.984286,1.380820
7100.000000,31,0.788297,3.660130,1.151676,1.985915,1.372999
7200.000000,31,0.788047,3.651089,1.306217,1.987222,1.055344
7300.000000,31,0.787837,3.654903,1.083208,1.985068,1.504662
7400.000000,31,0.788623,3.654297,0.931820,1.984054,1.805516
7500.000000,31,0.787867,3.639603,0.905881,1.983067,1.843179
7600.000000,31,0.788184,3.647257,1.138088,1.983947,1.389350
7700.000000,31,0.787015,3.626142,0.891782,1.981299,1.859255
7800.000000,31,0.785478,3.598802,0.671580,1.977436,2.270795
7900.000000,31,0.785453,3.591564,-0.140222,1.978987,3.869062
8000.000000,31,0.785671,3.587198,-0.044275,1.977750,3.674763
8100.000000,31,0.786188,3.595023,-0.092265,1.980123,3.777720
8200.000000,31,0.787525,3.613004,-0.266661,1.981341,4.141351
8300.000000,31,0.787391,3.606756,-1.018425,1.981566,5.624832
8400.000000,31,0.785844,3.580944,-0.982332,1.980476,5.526430
8500.000000,31,0.788295,3.702639,-0.972409,1.981059,5.629039
8600.000000,31,0.788001,3.689391,-1.260998,1.980814,6.187193
8700.000000,31,0.788879,3.688474,-0.095516,1.980690,3.877661
8800.000000,31,0.790016,3.706582,-0.029987,1.981818,3.766012
8900.000000,31,0.790075,3.703930,0.123352,1.983258,3.459292
9000.000000,31,0.790749,3.713924,-0.244127,1.984111,4.198299
9100.000000,31,0.791105,3.697320,-0.292007,1.984066,4.276681
9200.000000,31,0.791831,3.705221,-0.465351,1.984239,4.628590
9300.000000,31,0.791200,3.688863,-0.209080,1.984086,4.103697
9400.000000,31,0.791541,3.728133,-0.996146,1.985532,5.706013
9500.000000,31,0.792387,3.735270,-1.041702,1.985579,5.803651
9600.000000,31,0.791517,3.726879,-0.989470,1.983854,5.689844
9700.000000,31,0.793143,3.796194,-1.081977,1.986804,5.945871
9800.000000,31,0.793647,3.820631,-1.048559,1.987245,5.904375
9900.000000,31,0.793018,3.807057,-0.923043,1.985657,5.639903
10000.000000,31,0.793597,3.810287,-1.868259,1.985900,7.520462
10100.000000,31,0.793288,3.799534,-1.812191,1.984059,7.395029
10200.000000,31,0.792980,3.785284,-1.601524,1.986373,6.966507
10300.000000,31,0.793150,3.779811,-1.633665,1.984563,7.021923
10400.000000,31,0.793950,3.794788,-1.938974,1.984519,7.642719
10500.000000,31,0.794814,3.805737,-1.565163,1.984571,6.911914
10600.000000,31,0.794453,3.792296,-1.410327,1.982547,6.588336
10700.000000,31,0.794475,3.796722,-1.114451,1.983364,6.007085
10800.000000,31,0.794307,3.788230,-1.058876,1.983333,5.888334
10900.000000,31,0.794491,3.781359,-1.049006,1.982569,5.861085
11000.000000,31,0.794023,3.768103,-0.797853,1.980636,5.348360
11100.000000,31,0.793856,3.761138,-0.505921,1.981532,4.763636
11200.000000,31,0.794928,3.769278,-0.425117,1.981786,4.611769
11300.000000,31,0.795196,3.768842,-0.330246,1.981327,4.423167
11400.000000,31,0.795798,3.766349,-0.327199,1.982368,4.414977
11500.000000,31,0.795734,3.773564,-0.276217,1.982783,4.321242
11600.000000,31,0.796635,3.821784,-0.307497,1.985776,4.432403
11700.000000,31,0.796064,3.813795,-0.634683,1.985214,5.073776
11800.000000,31,0.795573,3.804759,-0.606534,1.986186,5.009448
11900.000000,31,0.795621,3.796151,-0.473731,1.985462,4.736726
12000.000000,31,0.796744,3.822475,-0.264038,1.987333,4.347205
12100.000000,31,0.796956,3.812100,-0.112240,1.987355,4.035161
12200.000000,31,0.797589,3.804339,0.360290,1.988361,3.087952
12300.000000,31,0.797897,3.800396,0.433115,1.988699,2.939062
12400.000000,31,0.797903,3.791075,-0.113481,1.990161,4.016919
12500.000000,31,0.798481,3.811425,-0.431380,1.990960,4.670285
12600.000000,31,0.798659,3.815352,-0.799106,1.991190,5.406525
12700.000000,31,0.798219,3.802684,-0.728432,1.989685,5.252034
12800.000000,31,0.798584,3.812239,-1.867047,1.990156,7.527954
12900.000000,31,0.799843,3.854496,-1.826059,1.991705,7.491468
13000.000000,31,0.801019,3.870398,-1.851417,1.993846,7.561838
13100.000000,31,0.800790,3.858158,-2.208365,1.994809,8.263424
13200.000000,31,0.800490,3.848032,-2.123190,1.994015,8.081705
13300.000000,31,0.800624,3.846409,-1.668702,1.993383,7.172772
13400.000000,31,0.800762,3.872592,-1.487387,1.992537,6.836266
13500.000000,31,0.799851,3.861014,-1.308237,1.991556,6.466441
13600.000000,31,0.799735,3.856623,-1.266873,1.991103,6.379097
13700.000000,31,0.800001,3.858385,-1.295301,1.991825,6.438398
13800.000000,31,0.799268,3.847123,-1.123451,1.991232,6.084175
13900.000000,31,0.799059,3.838930,-1.477886,1.990216,6.780242
14000.000000,31,0.798802,3.845550,-1.447239,1.989071,6.724211
14100.000000,31,0.798966,3.843305,-1.384027,1.989716,6.597127
14200.000000,31,0.799434,3.857272,-1.477158,1.989085,6.795464
14300.000000,31,0.799301,3.852444,-1.500321,1.988462,6.835774
14400.000000,31,0.799180,3.841691,-1.499575,1.988333,6.823346
14500.000000,31,0.800161,3.862724,-1.551543,1.988759,6.948369
14600.000000,31,0.799865,3.856729,-1.489111,1.988493,6.817815
14700.000000,31,0.800069,3.853341,-1.464050,1.988639,6.764807
14800.000000,31,0.799891,3.856391,-1.347247,1.988108,6.534864
14900.000000,31,0.799156,3.847424,-1.160122,1.987047,6.152642
15000.000000,31,0.800163,3.874931,-1.220289,1.988000,6.300865
15100.000000,31,0.800378,3.875733,-1.420134,1.988742,6.700012
15200.000000,31,0.800875,3.896071,-1.112961,1.989342,6.110131
15300.000000,31,0.801286,3.912234,-1.032175,1.988954,5.965182
15400.000000,31,0.801721,3.911372,-0.916701,1.988766,5.734475
15500.000000,31,0.801714,3.912096,-1.704430,1.988581,7.301494
15600.000000,31,0.802005,3.919615,-1.586341,1.989359,7.075416
15700.000000,31,0.801836,3.916438,-1.531574,1.988981,6.962710
15800.000000,31,0.801042,3.902343,-1.765520,1.987152,7.410700
15900.000000,31,0.801156,3.897707,-1.695819,1.988176,7.269294
16000.000000,31,0.801036,3.888169,-1.439196,1.988625,6.750191
16100.000000,31,0.801229,3.919741,-1.539540,1.990124,6.983617
16200.000000,31,0.800483,3.908974,-1.561705,1.988765,7.014838
16300.000000,31,0.800438,3.904332,-0.931543,1.988282,5.756502
16400.000000,31,0.800826,3.906421,-0.518002,1.989634,4.937054
16500.000000,31,0.801043,3.914602,-0.327340,1.989455,4.565831
16600.000000,31,0.800700,3.910750,-0.447780,1.988735,4.801265
16700.000000,31,0.800331,3.902630,-0.739570,1.988862,5.373533
16800.000000,31,0.800305,3.896629,-0.677161,1.990000,5.244179
16900.000000,31,0.799644,3.887025,-0.685491,1.988698,5.250261
17000.000000,31,0.798773,3.872974,-0.892289,1.987294,5.646214
17100.000000,31,0.799200,3.882815,-0.814372,1.986023,5.500177
17200.000000,31,0.799306,3.889381,-0.707190,1.985581,5.293565
17300.000000,31,0.800041,3.940190,-0.346199,1.987399,4.628224
17400.000000,31,0.799888,3.930480,-0.414929,1.986609,4.754782
17500.000000,31,0.799909,3.926262,-1.243271,1.986457,6.395967
17600.000000,31,0.799823,3.924043,-1.270623,1.986307,6.447890
17700.000000,31,0.800315,3.935536,-1.332932,1.986271,6.583100
17800.000000,31,0.799719,3.923226,-1.367226,1.984831,6.636940
17900.000000,31,0.800117,3.930672,-0.751163,1.985531,5.422128
18000.000000,31,0.801092,3.957525,-0.733467,1.985778,5.414027
18100.000000,31,0.800585,3.945488,-0.623415,1.985249,5.183122
18200.000000,31,0.801106,3.942003,-0.557411,1.985330,5.048647
18300.000000,31,0.801569,3.939356,-0.730927,1.985519,5.390626
18400.000000,31,0.801319,3.932062,-1.190545,1.986359,6.296911
18500.000000,31,0.801437,3.937859,-1.254540,1.986432,6.429917
18600.000000,31,0.802099,3.945948,-1.304967,1.986129,6.537782
18700.000000,31,0.802582,3.953663,-0.676763,1.986364,5.297962
18800.000000,31,0.802251,3.946616,-0.640044,1.986064,5.217783
18900.000000,31,0.802652,3.953265,-0.836971,1.987249,5.616534
19000.000000,31,0.802685,3.949738,-0.857423,1.987158,5.653573
19100.000000,31,0.802868,3.946018,-1.041384,1.987958,6.016245
19200.000000,31,0.802786,3.936530,-1.452169,1.987917,6.823321
19300.000000,31,0.802660,3.928433,-0.901797,1.989171,5.722263
19400.000000,31,0.802689,3.923766,-0.816551,1.989021,5.547902
19500.000000,31,0.802356,3.914085,-0.478708,1.989744,4.866590
19600.000000,31,0.802280,3.908508,-0.138321,1.988776,4.183598
19700.000000,31,0.802156,3.911133,-0.083860,1.988832,4.077916
19800.000000,31,0.802173,3.905124,0.031289,1.988939,3.842893
19900.000000,31,0.801858,3.895255,0.105621,1.988794,3.685195
20000.000000,31,0.801691,3.886046,-0.193687,1.990150,4.271513
20100.000000,31,0.802022,3.902029,-0.121750,1.990945,4.144426
20200.000000,31,0.801531,3.892467,-0.607912,1.990891,5.102754
20300.000000,31,0.801478,3.892647,-0.463020,1.990936,4.814490
20400.000000,31,0.801547,3.889271,-0.583478,1.992059,5.051592
20500.000000,31,0.801888,3.917482,-0.310568,1.991659,4.536029
20600.000000,31,0.801638,3.912941,-0.247256,1.991699,4.405400
20700.000000,31,0.801548,3.907815,-0.265310,1.991449,4.436167
20800.000000,31,0.801991,3.911222,0.009114,1.992163,3.893066
20900.000000,31,0.801922,3.903388,0.082992,1.992344,3.738039
21000.000000,31,0.801578,3.900396,-0.081202,1.991286,4.062092
21100.000000,31,0.801816,3.896509,-0.780917,1.991374,5.451608
21200.000000,31,0.801260,3.885893,-1.171976,1.990142,6.218291
21300.000000,31,0.801796,3.909204,-1.178407,1.992066,6.256668
21400.000000,31,0.801767,3.908784,-1.427277,1.992009,6.751933
21500.000000,31,0.801145,3.898606,-1.351045,1.990698,6.588128
21600.000000,31,0.801217,3.899471,-1.359964,1.990694,6.606743
21700.000000,31,0.801010,3.904638,-1.278619,1.990369,6.449562
21800.000000,31,0.801543,3.911541,-1.274608,1.991789,6.450292
21900.000000,31,0.801720,3.910414,-1.151253,1.992237,6.203982
22000.000000,31,0.800913,3.901292,-0.690021,1.991045,5.275156
22100.000000,31,0.800213,3.890043,-0.486985,1.990860,4.859561
22200.000000,31,0.799739,3.881148,-0.504291,1.990135,4.884755
22300.000000,31,0.799319,3.871737,-0.424055,1.988520,4.714980
22400.000000,31,0.799882,3.903729,-0.432003,1.989509,4.763202
22500.000000,31,0.800036,3.900185,-2.879104,1.989289,9.627554
22600.000000,31,0.799488,3.891995,-3.535964,1.988274,10.922462
22700.000000,31,0.799275,3.885683,-3.784881,1.988062,11.410260
22800.000000,31,0.798866,3.876895,-3.543172,1.987763,10.919882
22900.000000,31,0.799106,3.878630,-3.528517,1.988428,10.894832
23000.000000,31,0.799098,3.876159,-3.427879,1.988870,10.693764
23100.000000,31,0.798856,3.866899,-3.294997,1.988788,10.419950
23200.000000,31,0.798445,3.860830,-3.311620,1.988017,10.444389
23300.000000,31,0.797974,3.851819,-3.258865,1.987811,10.329828
23400.000000,31,0.798442,3.863192,-2.942764,1.987906,9.713129
23500.000000,31,0.798744,3.874672,-3.675452,1.988851,11.184598
23600.000000,31,0.799203,3.884719,-3.846865,1.989534,11.538186
23700.000000,31,0.799126,3.883942,-3.654911,1.989367,11.154901
23800.000000,31,0.799064,3.883632,-3.437185,1.988782,10.719441
23900.000000,31,0.798991,3.882296,-3.481254,1.989540,10.808390
24000.000000,31,0.798837,3.875451,-3.614041,1.988958,11.063628
24100.000000,31,0.798838,3.874187,-2.926167,1.988963,9.694225
24200.000000,31,0.798403,3.864900,-2.870573,1.988306,9.572477
24300.000000,31,0.798139,3.858546,-2.773101,1.987901,9.371197
24400.000000,31,0.797696,3.851098,-2.683589,1.988115,9.186381
24500.000000,31,0.797932,3.869993,-2.628738,1.988939,9.098392
24600.000000,31,0.798324,3.884964,-2.564748,1.988415,8.984747
24700.000000,31,0.798521,3.887845,-2.385112,1.988866,8.631515
24800.000000,31,0.798392,3.882820,-2.375697,1.988750,8.607488
24900.000000,31,0.798598,3.895905,-2.459441,1.989116,8.788019
25000.000000,31,0.798794,3.896554,-2.507763,1.989120,8.884795
25100.000000,31,0.799321,3.913129,-2.572458,1.990159,9.032730
25200.000000,31,0.799745,3.918368,-2.350393,1.990516,8.596864
25300.000000,31,0.799331,3.909605,-1.720016,1.990079,7.332573
25400.000000,31,0.799762,3.921944,-1.204479,1.990354,6.319284
25500.000000,31,0.799538,3.916733,-0.987588,1.990118,5.882149
25600.000000,31,0.799846,3.917161,-1.557368,1.989648,7.015776
25700.000000,31,0.799769,3.910316,-1.085508,1.989572,6.070013
25800.000000,31,0.799472,3.905310,-0.897592,1.989186,5.690787
25900.000000,31,0.799388,3.900466,-0.930278,1.989035,5.750820
26000.000000,31,0.799449,3.898306,-0.970770,1.989346,5.829505
26100.000000,31,0.798919,3.892718,-0.967472,1.988352,5.816393
26200.000000,31,0.798415,3.884697,-0.773718,1.987595,5.422535
26300.000000,31,0.798191,3.887307,-0.135340,1.986654,4.156180
26400.000000,31,0.798625,3.890590,-0.594778,1.986402,5.072059
26500.000000,31,0.798688,3.895099,-0.349233,1.986151,4.588727
26600.000000,31,0.798367,3.891444,-0.314875,1.985376,4.516589
26700.000000,31,0.798297,3.890375,-0.336837,1.985094,4.559028
26800.000000,31,0.798063,3.884984,-0.371854,1.984739,4.623017
26900.000000,31,0.797754,3.878151,-0.909136,1.984164,5.682026
27000.000000,31,0.797848,3.875122,-0.751161,1.984222,5.365592
27100.000000,31,0.798116,3.877642,-0.814068,1.984982,5.493552
27200.000000,31,0.798135,3.888902,-1.116880,1.985110,6.106031
27300.000000,31,0.798011,3.887302,-1.478360,1.985714,6.822902
27400.000000,31,0.797682,3.879541,-1.272478,1.985474,6.406015
27500.000000,31,0.797553,3.877681,-1.374539,1.985491,6.606816
27600.000000,31,0.797433,3.874526,-1.080538,1.984819,6.019198
27700.000000,31,0.797449,3.869967,-1.059017,1.985199,5.972325
27800.000000,31,0.797292,3.864565,-0.727540,1.985000,5.308733
27900.000000,31,0.797162,3.863630,-0.642024,1.984588,5.137782
28000.000000,31,0.797243,3.863565,-0.602089,1.984714,5.058539
28100.000000,31,0.797384,3.863969,-0.571333,1.985409,4.998298
28200.000000,31,0.797730,3.874709,-0.560523,1.985816,4.987804
28300.000000,31,0.797675,3.872041,-0.657368,1.985689,5.177369
28400.000000,31,0.797573,3.868889,-0.440065,1.985528,4.742649
28500.000000,31,0.797831,3.871382,-0.284306,1.985754,4.435943
28600.000000,31,0.797879,3.872473,-0.260332,1.985979,4.389487
28700.000000,31,0.797628,3.867706,-0.367688,1.986167,4.597995
28800.000000,31,0.797997,3.875010,-0.326359,1.986493,4.523320
28900.000000,31,0.797963,3.871848,0.508734,1.987128,2.860930
29000.000000,31,0.797867,3.865962,0.636400,1.987621,2.601041
29100.000000,31,0.797243,3.856948,0.505829,1.986701,2.852017
29200.000000,31,0.796694,3.849965,0.500427,1.986199,2.856017
29300.000000,31,0.797023,3.870749,0.548636,1.986485,2.780892
29400.000000,31,0.796904,3.878763,1.124488,1.986565,1.644894
29500.000000,31,0.797248,3.886487,0.971599,1.986475,1.956431
29600.000000,31,0.797470,3.894183,0.976094,1.987872,1.953834
29700.000000,31,0.797667,3.908309,0.970807,1.988114,1.978233
29800.000000,31,0.797604,3.907815,0.639021,1.987752,2.637599
29900.000000,31,0.797071,3.899648,0.807530,1.986789,2.295256
30000.000000,31,0.796883,3.894852,0.819762,1.987067,2.265931
30100.000000,31,0.797105,3.893447,0.878419,1.987375,2.147699
30200.000000,31,0.797343,3.904580,0.886583,1.987185,2.142775
30300.000000,31,0.796989,3.899252,0.887773,1.986568,2.135630
30400.000000,31,0.796459,3.892196,0.899840,1.985559,2.105510
30500.000000,31,0.796396,3.892815,0.881615,1.985443,2.142419
30600.000000,31,0.796640,3.894625,1.023516,1.985621,1.862310
30700.000000,31,0.796522,3.893818,0.697611,1.985081,2.509003
30800.000000,31,0.796176,3.887223,0.882717,1.984286,2.135661
30900.000000,31,0.796348,3.890311,0.736958,1.984951,2.427485
31000.000000,31,0.796152,3.887135,0.746122,1.984677,2.406324
31100.000000,31,0.796198,3.888159,0.831451,1.984920,2.237797
31200.000000,31,0.795834,3.883386,-0.556127,1.984615,4.987085
31300.000000,31,0.795651,3.881037,-0.449667,1.984952,4.773606
31400.000000,31,0.795910,3.879209,-0.041444,1.985223,3.961486
31500.000000,31,0.795970,3.876007,0.075946,1.985175,3.725242
31600.000000,31,0.796227,3.877641,-0.345177,1.985443,4.562970
31700.000000,31,0.796303,3.881065,-0.523773,1.986151,4.921356
31800.000000,31,0.796296,3.877407,-0.452761,1.986101,4.776635
31900.000000,31,0.796424,3.877046,-0.782051,1.986395,5.430508
32000.000000,31,0.796143,3.870714,-0.688121,1.986375,5.237581
32100.000000,31,0.796182,3.871136,-0.858842,1.986106,5.576887
32200.000000,31,0.796505,3.876476,-0.900528,1.986708,5.665562
32300.000000,31,0.795957,3.869013,-1.254290,1.985975,6.360001
32400.000000,31,0.795995,3.868677,-0.958077,1.985309,5.770755
32500.000000,31,0.796063,3.872169,-0.943742,1.985692,5.746150
32600.000000,31,0.796380,3.881154,-0.932808,1.986626,5.734293
32700.000000,31,0.796864,3.894370,-1.613099,1.986942,7.099503
32800.000000,31,0.796820,3.891478,-1.518745,1.987165,6.909474
32900.000000,31,0.797255,3.904756,-1.572611,1.987872,7.030906
33000.000000,31,0.796947,3.899662,-1.419633,1.987182,6.720731
33100.000000,31,0.796767,3.893680,-1.434406,1.986737,6.743468
33200.000000,31,0.796545,3.888562,-1.206954,1.986265,6.285892
33300.000000,31,0.796637,3.888234,-3.076698,1.986547,10.000238
33400.000000,31,0.796506,3.887255,-2.764702,1.986407,9.379080
33500.000000,31,0.795912,3.880015,-2.374858,1.985552,8.595419
33600.000000,31,0.796020,3.876870,-2.293271,1.985952,8.431197
33700.000000,31,0.795835,3.873554,-2.669302,1.985579,9.173663
33800.000000,31,0.795822,3.872607,-2.308388,1.985325,8.455509
33900.000000,31,0.795695,3.867426,-2.577224,1.985280,8.983939
34000.000000,31,0.795760,3.868551,-2.317595,1.985647,8.470476
34100.000000,31,0.795680,3.871352,-1.730003,1.985308,7.305940
34200.000000,31,0.796062,3.887224,-1.871483,1.985760,7.603540
34300.000000,31,0.796518,3.902457,-2.018885,1.986239,7.912446
34400.000000,31,0.796657,3.903490,-2.214358,1.986337,8.301952
34500.000000,31,0.796353,3.898318,-2.218589,1.986377,8.305271
34600.000000,31,0.796282,3.900092,-2.354442,1.986098,8.576244
34700.000000,31,0.796293,3.897840,-2.195789,1.986513,8.259803
34800.000000,31,0.795912,3.891732,-2.258615,1.986494,8.378457
34900.000000,31,0.795843,3.889521,-2.227698,1.985845,8.313385
35000.000000,31,0.796290,3.909092,-1.709487,1.986543,7.305061
35100.000000,31,0.796370,3.908944,-1.397635,1.986752,6.685699
35200.000000,31,0.796368,3.905628,-1.371285,1.986619,6.629849
35300.000000,31,0.796473,3.904453,-1.458003,1.986856,6.801295
35400.000000,31,0.796529,3.903968,-1.532647,1.987203,6.949649
35500.000000,31,0.796661,3.904536,-1.728152,1.986873,7.338155
35600.000000,31,0.796945,3.912281,-1.853386,1.986910,7.594793
35700.000000,31,0.797024,3.912611,-1.683388,1.987395,7.258168
35800.000000,31,0.797093,3.929619,-1.598544,1.987542,7.106791
35900.000000,43,0.797630,3.982817,-1.864294,1.987744,7.688556
36000.000000,43,0.797490,3.979968,-1.330077,1.987500,6.623496
36100.000000,43,0.797565,3.976105,-1.191897,1.987313,6.344777
36200.000000,43,0.797794,3.977663,-1.172200,1.987707,6.307654
36300.000000,43,0.797335,3.971070,-1.360720,1.986722,6.674443
36400.000000,43,0.797313,3.967149,-1.511660,1.986429,6.969953
36500.000000,43,0.797474,3.968897,-2.228712,1.986247,8.395669
36600.000000,43,0.797558,3.968652,-1.552578,1.986940,7.053530
36700.000000,43,0.797559,3.966637,-1.913424,1.986730,7.768094
36800.000000,43,0.797360,3.962356,-1.564561,1.986603,7.070518
36900.000000,43,0.797231,3.958992,-1.525224,1.986721,6.989186
37000.000000,43,0.797332,3.963838,-1.443935,1.986757,6.832586
37100.000000,43,0.797613,3.977029,-1.954224,1.987170,7.860405
37200.000000,43,0.797750,3.974226,-2.377353,1.986935,8.697872
37300.000000,43,0.797803,3.974156,-2.125076,1.987185,8.197074
37400.000000,43,0.797489,3.968862,-1.958698,1.986417,7.859654
37500.000000,43,0.797168,3.963621,-1.347303,1.985947,6.639293
37600.000000,43,0.797406,3.965671,-1.414834,1.986197,6.775809
37700.000000,43,0.797293,3.962797,-1.394221,1.985756,6.731379
37800.000000,43,0.797770,3.988574,-1.311152,1.986296,6.592910
37900.000000,43,0.797882,3.996859,-1.836383,1.986016,7.643944
38000.000000,43,0.797947,3.997298,-2.481905,1.986474,8.927537
38100.000000,43,0.798191,3.996361,-2.265724,1.986142,8.496410
38200.000000,43,0.798082,3.992738,-2.212657,1.986126,8.387353
38300.000000,43,0.798153,3.987478,-2.031074,1.985953,8.021095
38400.000000,43,0.797914,3.985780,-1.879963,1.985599,7.718632
38500.000000,43,0.797940,3.990534,-1.633978,1.985558,7.234893
38600.000000,43,0.798034,3.987011,-1.696053,1.985855,7.355126
38700.000000,43,0.798092,3.982703,-1.651321,1.986021,7.262262
38800.000000,43,0.798192,3.982400,-1.887901,1.986340,7.732414
38900.000000,43,0.798018,3.979548,-1.690406,1.986118,7.336894
39000.000000,43,0.798374,4.000918,-1.334279,1.986897,6.651993
39100.000000,43,0.798218,4.001967,-1.397097,1.986010,6.776616
39200.000000,43,0.798521,4.010826,-0.546968,1.986352,5.097297
39300.000000,43,0.798827,4.031682,-0.766057,1.987074,5.553894
39400.000000,43,0.798722,4.029226,-0.946059,1.986827,5.908882
39500.000000,43,0.798805,4.028975,-1.090458,1.987241,6.195978
39600.000000,43,0.798582,4.027916,-1.197522,1.986970,6.407356
39700.000000,43,0.798825,4.034410,-0.905746,1.987834,5.834882
39800.000000,43,0.798910,4.036523,-0.902317,1.987789,5.830138
39900.000000,43,0.798763,4.032086,-0.504084,1.987343,5.033874
40000.000000,43,0.798978,4.039088,-0.485897,1.987175,5.004650
40100.000000,43,0.799041,4.038115,-0.769316,1.987082,5.566810
40200.000000,43,0.799017,4.042172,-0.754497,1.987239,5.541537
40300.000000,43,0.799391,4.058396,0.155908,1.987816,3.748479
40400.000000,43,0.799173,4.054082,0.196643,1.988193,3.663118
40500.000000,43,0.799200,4.052078,0.161588,1.988148,3.730818
40600.000000,43,0.799268,4.052096,0.154619,1.987709,3.744758
40700.000000,43,0.799073,4.047099,0.078480,1.987273,3.891137
40800.000000,43,0.798840,4.042042,0.080782,1.986936,3.881533
40900.000000,43,0.798397,4.036200,-0.111083,1.986675,4.256886
41000.000000,43,0.798208,4.033955,0.020830,1.986463,3.992577
41100.000000,43,0.798157,4.032231,-0.052354,1.986472,4.136230
41200.000000,43,0.798209,4.032139,-0.192363,1.986456,4.414259
41300.000000,43,0.798064,4.028923,-0.000930,1.986174,4.030771
41400.000000,43,0.797706,4.023369,-0.005256,1.985845,4.033806
41500.000000,43,0.797635,4.019497,0.070172,1.985735,3.880154
41600.000000,43,0.797650,4.016227,0.422818,1.985649,3.176658
41700.000000,43,0.797770,4.013780,0.324264,1.985731,3.369880
41800.000000,43,0.797789,4.011157,0.391951,1.985766,3.232834
41900.000000,43,0.797906,4.011307,0.369911,1.986014,3.276658
42000.000000,43,0.798115,4.014880,0.333128,1.986310,3.353184
42100.000000,43,0.798091,4.010978,0.075803,1.986247,3.860416
42200.000000,43,0.797972,4.008097,0.110947,1.986090,3.787745
42300.000000,43,0.798204,4.022593,0.041704,1.986265,3.939757
42400.000000,43,0.798359,4.028332,-0.097739,1.986910,4.222530
42500.000000,43,0.798114,4.024324,-0.087410,1.987035,4.198011
42600.000000,43,0.798156,4.022970,-0.210508,1.987113,4.441274
42700.000000,43,0.798408,4.023919,-0.046379,1.987283,4.116088
42800.000000,43,0.798392,4.020719,-0.041914,1.987593,4.104027
42900.000000,43,0.798222,4.021645,-0.114904,1.987739,4.250044
43000.000000,43,0.798079,4.017235,-0.051286,1.987535,4.119168
43100.000000,43,0.797960,4.014689,-0.024263,1.987332,4.062908
43200.000000,43,0.798185,4.020264,-0.231077,1.987523,4.479535
43300.000000,43,0.798026,4.015959,-0.412357,1.987182,4.835387
43400.000000,43,0.797855,4.012513,-0.170650,1.986797,4.351560
43500.000000,43,0.797953,4.014228,-0.112841,1.986920,4.238434
43600.000000,43,0.797970,4.013699,0.511946,1.986812,2.996559
43700.000000,43,0.798041,4.016603,0.875251,1.986568,2.277857
43800.000000,43,0.798284,4.016094,0.942242,1.986644,2.144194
43900.000000,43,0.798221,4.013895,0.986891,1.986264,2.053668
44000.000000,43,0.798139,4.010981,1.002989,1.986341,2.018704
44100.000000,43,0.798231,4.011167,1.186364,1.986916,1.653961
44200.000000,43,0.798381,4.012731,1.223454,1.987376,1.581268
44300.000000,43,0.798130,4.009829,1.158284,1.986953,1.708374
44400.000000,43,0.798370,4.020446,1.520644,1.987432,0.998268
44500.000000,43,0.798411,4.026189,1.628894,1.987730,0.788387
44600.000000,43,0.798618,4.033852,1.559739,1.987892,0.933258
44700.000000,43,0.798456,4.032094,1.475299,1.987808,1.099483
44800.000000,43,0.798479,4.030066,1.546972,1.987478,0.955494
44900.000000,43,0.798434,4.027120,1.796706,1.987528,0.456117
45000.000000,43,0.798868,4.049103,1.547838,1.987889,0.972173
45100.000000,43,0.799111,4.058710,1.594738,1.987738,0.888788
45200.000000,43,0.798999,4.054984,1.957919,1.987633,0.163360
45300.000000,43,0.799052,4.053755,1.839903,1.987660,0.396653
45400.000000,43,0.798887,4.049932,1.945647,1.987093,0.183752
45500.000000,43,0.798583,4.043805,1.885095,1.986440,0.299178
45600.000000,43,0.798376,4.040589,2.181791,1.985899,-0.292228
45700.000000,43,0.798549,4.046439,2.447259,1.986411,-0.814824
45800.000000,43,0.798420,4.044274,2.362100,1.986179,-0.647279
45900.000000,43,0.798763,4.054612,2.401502,1.987081,-0.717365
46000.000000,43,0.798558,4.051595,2.506607,1.987022,-0.929086
46100.000000,43,0.798702,4.052928,2.536022,1.987527,-0.987486
46200.000000,43,0.798946,4.054091,2.917517,1.987554,-1.744632
46300.000000,43,0.799165,4.055319,2.622141,1.987754,-1.156851
46400.000000,43,0.799296,4.058673,2.667273,1.987931,-1.243683
46500.000000,43,0.799451,4.066654,2.253606,1.988280,-0.414144
46600.000000,43,0.799517,4.067058,2.174673,1.988326,-0.256901
46700.000000,43,0.799402,4.066953,2.171105,1.988437,-0.250151
46800.000000,43,0.799286,4.063102,1.806168,1.988077,0.472300
46900.000000,43,0.799139,4.059306,1.982086,1.987996,0.118928
47000.000000,43,0.798927,4.056959,2.132468,1.987638,-0.181615
47100.000000,43,0.799058,4.058353,2.150513,1.987792,-0.216419
47200.000000,43,0.799149,4.057062,2.246777,1.987966,-0.409454
47300.000000,43,0.799163,4.056760,2.280912,1.988013,-0.477723
47400.000000,43,0.799135,4.052259,2.539545,1.987848,-0.995971
47500.000000,43,0.799109,4.048584,2.436762,1.987684,-0.794929
47600.000000,43,0.799111,4.048005,2.372627,1.987353,-0.667243
47700.000000,43,0.799185,4.046244,1.951693,1.987254,0.167735
47800.000000,43,0.799185,4.043013,2.093959,1.987008,-0.117702
47900.000000,43,0.799323,4.043119,2.163544,1.987370,-0.256642
48000.000000,43,0.799244,4.041754,1.868689,1.987562,0.327617
48100.000000,43,0.799119,4.039607,1.717848,1.987089,0.626089
48200.000000,43,0.799227,4.037758,1.725183,1.987448,0.609046
48300.000000,43,0.799101,4.035442,1.741527,1.987557,0.574057
48400.000000,43,0.799003,4.032311,2.455265,1.987459,-0.847426
48500.000000,43,0.799095,4.033850,2.405190,1.987237,-0.745833
48600.000000,43,0.798997,4.029926,2.437213,1.987119,-0.813107
48700.000000,43,0.799072,4.037845,2.487336,1.986920,-0.904291
48800.000000,43,0.798941,4.032449,2.633668,1.986660,-1.199754
48900.000000,43,0.798920,4.029513,2.614330,1.986605,-1.164128
49000.000000,43,0.798664,4.025634,2.511393,1.986367,-0.962915
49100.000000,43,0.798451,4.020630,2.672616,1.986395,-1.288242
49200.000000,43,0.798735,4.027361,2.074264,1.986870,-0.093931
49300.000000,43,0.798668,4.024579,2.418406,1.986876,-0.780495
49400.000000,43,0.798597,4.021570,1.963857,1.987146,0.119100
49500.000000,43,0.798788,4.028846,2.056475,1.987434,-0.058263
49600.000000,43,0.798704,4.024945,1.677092,1.987319,0.692029
49700.000000,43,0.798486,4.022111,1.638245,1.986861,0.767146
49800.000000,43,0.798320,4.019479,1.392676,1.986446,1.253002
49900.000000,43,0.798108,4.015385,1.349323,1.986333,1.335181
50000.000000,43,0.798249,4.017198,1.362964,1.986240,1.310025
50100.000000,43,0.798286,4.016003,1.697783,1.986567,0.643243
50200.000000,43,0.798274,4.013358,0.758020,1.986514,2.507541
50300.000000,43,0.798233,4.010642,0.336251,1.986759,3.342592
50400.000000,43,0.798068,4.006785,0.524914,1.986508,2.964039
50500.000000,43,0.798164,4.011390,0.078048,1.986693,3.856332
50600.000000,43,0.798465,4.016198,-0.874639,1.986957,5.754068
50700.000000,43,0.798641,4.021293,-1.080985,1.987041,6.169254
50800.000000,43,0.798418,4.017212,-1.062917,1.987047,6.129277
50900.000000,43,0.798476,4.020958,-0.651383,1.987112,5.315330
51000.000000,43,0.798260,4.016057,-0.038908,1.986725,4.093357
51100.000000,43,0.798372,4.018259,0.202781,1.986888,3.615355
51200.000000,43,0.798218,4.014549,0.080462,1.986641,3.854699
51300.000000,43,0.798078,4.010660,0.078853,1.986452,3.854022
51400.000000,43,0.797815,4.006472,0.146065,1.986420,3.716326
51500.000000,43,0.798131,4.013355,-0.151596,1.987029,4.314580
51600.000000,43,0.798408,4.027873,-0.003797,1.987422,4.035420
51700.000000,43,0.798364,4.024832,-0.075530,1.987195,4.174924
51800.000000,43,0.798438,4.031755,-0.009060,1.987259,4.049760
51900.000000,43,0.798530,4.030057,-0.040361,1.987649,4.110281
52000.000000,43,0.798543,4.029397,-0.263557,1.987962,4.553338
52100.000000,43,0.798651,4.028122,-0.373781,1.988177,4.771265
52200.000000,43,0.798625,4.029035,-0.217654,1.988257,4.461787
52300.000000,43,0.798311,4.024354,-0.112170,1.987935,4.247341
52400.000000,43,0.798182,4.021177,-0.093786,1.987653,4.207592
52500.000000,43,0.798106,4.018717,-0.144148,1.987562,4.305221
52600.000000,43,0.798420,4.028761,-0.309500,1.987795,4.643982
52700.000000,43,0.798475,4.027908,-0.403626,1.988121,4.830365
52800.000000,43,0.798484,4.026557,-0.175691,1.988428,4.375906
52900.000000,43,0.798351,4.022810,-0.476707,1.988204,4.970600
53000.000000,43,0.798512,4.025542,-0.454110,1.988698,4.928630
53100.000000,43,0.798516,4.024006,-0.476838,1.988832,4.972356
53200.000000,43,0.798780,4.028966,-0.686840,1.989229,5.395247
53300.000000,43,0.798755,4.033739,-0.275211,1.989456,4.581260
53400.000000,43,0.798624,4.030064,-0.378954,1.989270,4.783906
53500.000000,43,0.798735,4.030314,-0.540922,1.989533,5.106496
53600.000000,43,0.798683,4.029869,-0.428145,1.989701,4.881750
53700.000000,43,0.798680,4.030536,-0.577456,1.989479,5.179372
53800.000000,43,0.798467,4.027555,-0.458985,1.989238,4.940585
53900.000000,43,0.798359,4.026620,-0.159529,1.989165,4.343951
54000.000000,43,0.798190,4.024131,-0.704433,1.989111,5.425327
54100.000000,43,0.798061,4.022812,-0.652886,1.989205,5.321536
54200.000000,43,0.798162,4.024464,-0.797788,1.989280,5.611487
54300.000000,43,0.798332,4.030898,-0.856104,1.989687,5.734277
54400.000000,43,0.798354,4.030144,-1.144431,1.989669,6.307182
54500.000000,43,0.798546,4.042613,-1.003657,1.989853,6.039744
54600.000000,43,0.798686,4.042683,-0.938405,1.989780,5.909903
54700.000000,43,0.798563,4.039280,-0.877860,1.989726,5.785982
54800.000000,43,0.798284,4.034464,-0.689953,1.989307,5.406992
54900.000000,43,0.798307,4.035903,-0.605174,1.989526,5.239913
55000.000000,43,0.798304,4.033965,-0.545882,1.989582,5.120041
55100.000000,43,0.798336,4.037600,-0.422646,1.989528,4.878466
55200.000000,43,0.798540,4.042659,-0.941606,1.989964,5.916420
55300.000000,43,0.798550,4.043967,-1.112009,1.990090,6.256965
55400.000000,43,0.798329,4.040692,-1.261562,1.989819,6.550972
55500.000000,43,0.798294,4.039106,-1.062051,1.989928,6.152512
55600.000000,43,0.798367,4.038301,-1.204688,1.989730,6.435306
55700.000000,43,0.798323,4.037183,-0.780314,1.989390,5.589531
55800.000000,43,0.798413,4.036757,-0.628036,1.989767,5.286403
55900.000000,43,0.798443,4.035997,-0.553612,1.989767,5.137555
56000.000000,43,0.798565,4.036292,-0.783043,1.989804,5.594393
56100.000000,43,0.798520,4.033539,-1.143599,1.989768,6.309036
56200.000000,43,0.798567,4.034122,-0.750826,1.989875,5.528173
56300.000000,43,0.798791,4.041287,-0.698287,1.990142,5.430977
56400.000000,43,0.798696,4.038257,-0.575386,1.990177,5.183377
56500.000000,43,0.798656,4.035853,-0.331395,1.990071,4.695352
56600.000000,43,0.798820,4.036017,-0.315380,1.990318,4.663723
56700.000000,43,0.798728,4.035905,-0.428496,1.990353,4.888762
56800.000000,43,0.798578,4.033518,-0.454046,1.990106,4.937117
56900.000000,43,0.798580,4.031296,-0.399406,1.990351,4.826255
57000.000000,43,0.798621,4.029415,-0.462498,1.990526,4.950030
57100.000000,43,0.798560,4.027509,-0.538997,1.990298,5.100275
57200.000000,43,0.798455,4.024551,-1.119039,1.990227,6.251693
57300.000000,43,0.798686,4.028025,-1.390183,1.990646,6.795387
57400.000000,43,0.798902,4.031493,-1.248612,1.990749,6.517165
57500.000000,43,0.799108,4.042558,-1.763811,1.991287,7.554812
57600.000000,43,0.799150,4.044906,-1.699181,1.991372,7.428607
57700.000000,43,0.799241,4.044873,-1.992100,1.991768,8.012673
57800.000000,43,0.799193,4.042052,-1.967642,1.991799,7.961199
57900.000000,43,0.799259,4.041107,-2.110428,1.991865,8.244795
58000.000000,43,0.799271,4.041146,-2.546628,1.991707,9.113283
58100.000000,43,0.799263,4.039370,-2.994256,1.991721,10.003093
58200.000000,43,0.799302,4.039243,-2.648697,1.991838,9.315019
58300.000000,43,0.799343,4.040310,-2.518875,1.991767,9.057322
58400.000000,43,0.799514,4.045062,-2.284516,1.991678,8.595082
58500.000000,43,0.799848,4.072417,-2.143762,1.992034,8.342865
58600.000000,43,0.799919,4.077679,-1.928108,1.992082,7.918627
58700.000000,43,0.799747,4.074048,-2.134137,1.992078,8.325416
58800.000000,43,0.799639,4.070861,-1.909726,1.991888,7.874821
58900.000000,43,0.799638,4.071076,-2.097808,1.991986,8.249881
59000.000000,43,0.799711,4.069981,-1.681638,1.992322,7.420345
59100.000000,43,0.799692,4.069168,-1.251360,1.992115,6.562021
59200.000000,43,0.799745,4.066702,-0.628504,1.991909,5.318625
59300.000000,43,0.799817,4.065731,-0.330708,1.992243,4.724581
59400.000000,43,0.799920,4.065653,-0.350637,1.992374,4.764253
59500.000000,43,0.799895,4.064474,-0.646070,1.992336,5.351662
59600.000000,43,0.800014,4.068421,-0.524024,1.992534,5.112557
59700.000000,43,0.800042,4.067421,-0.795822,1.992446,5.653053
59800.000000,43,0.799976,4.065210,-0.758250,1.992174,5.575776
59900.000000,43,0.799988,4.064232,-1.112698,1.992454,6.281232
60000.000000,43,0.799983,4.062876,-2.899682,1.992483,9.840443
60100.000000,43,0.800048,4.062636,-3.214990,1.992912,10.469828
60200.000000,43,0.799969,4.059850,-3.577285,1.992674,11.188214
60300.000000,43,0.799890,4.056754,-3.818288,1.992504,11.664708
60400.000000,43,0.799475,4.052187,-3.545710,1.992103,11.115606
60500.000000,43,0.799585,4.060007,-3.383544,1.992628,10.802152
60600.000000,43,0.799892,4.075686,-3.347536,1.992954,10.747170
60700.000000,43,0.799781,4.072031,-3.308510,1.992784,10.665178
60800.000000,43,0.799741,4.070611,-3.243535,1.992780,10.534262
60900.000000,43,0.799722,4.068475,-2.987800,1.992939,10.022978
61000.000000,43,0.799887,4.075153,-2.965627,1.993082,9.985891
61100.000000,43,0.799963,4.081423,-3.020333,1.993044,10.101081
61200.000000,43,0.799784,4.077091,-2.880607,1.992859,9.817737
61300.000000,43,0.799745,4.074666,-3.090254,1.992659,10.232489
61400.000000,43,0.799714,4.073327,-2.658547,1.992720,9.371067
61500.000000,43,0.799777,4.072754,-2.627172,1.992911,9.308473
61600.000000,43,0.799930,4.073545,-2.566786,1.993263,9.189825
61700.000000,43,0.800075,4.074387,-2.806777,1.993663,9.670155
61800.000000,43,0.799797,4.070335,-3.103208,1.993204,10.255661
61900.000000,43,0.799778,4.070804,-2.987757,1.993247,10.026142
62000.000000,43,0.799781,4.070466,-2.933806,1.993339,9.918535
62100.000000,43,0.799945,4.076588,-3.814713,1.993591,11.681565
62200.000000,43,0.799918,4.073879,-3.817165,1.993457,11.683231
62300.000000,43,0.800011,4.073455,-4.422339,1.993579,12.889739
62400.000000,43,0.800035,4.071548,-4.364464,1.993830,12.773548
62500.000000,43,0.800033,4.068761,-4.519914,1.993728,13.080241
62600.000000,43,0.800005,4.066836,-3.931261,1.993594,11.904176
62700.000000,43,0.799876,4.064112,-3.947087,1.993477,11.932539
62800.000000,43,0.799827,4.061500,-3.778408,1.993376,11.593288
62900.000000,43,0.799490,4.057439,-3.429169,1.992925,10.891516
63000.000000,43,0.799374,4.055267,-3.406878,1.993032,10.845283
63100.000000,43,0.799661,4.067344,-3.364902,1.993328,10.774697
63200.000000,43,0.799964,4.086119,-3.789228,1.994177,11.642511
63300.000000,43,0.800162,4.089565,-3.327438,1.994360,10.725675
63400.000000,43,0.800213,4.089197,-3.324538,1.994543,10.720131
63500.000000,43,0.800124,4.088630,-4.421709,1.994047,12.905726
63600.000000,43,0.799970,4.085176,-4.383192,1.994009,12.825302
63700.000000,43,0.799828,4.081687,-4.377865,1.993673,12.809720
63800.000000,43,0.799778,4.080766,-4.428627,1.993715,12.910185
63900.000000,43,0.799834,4.079058,-4.913767,1.993474,13.874526
64000.000000,43,0.799912,4.080081,-4.446913,1.993688,12.945835
64100.000000,43,0.800034,4.083070,-4.193095,1.994025,12.444206
64200.000000,43,0.799904,4.080401,-4.277005,1.994143,12.609362
64300.000000,43,0.799889,4.079500,-4.103448,1.994230,12.262719
64400.000000,43,0.799735,4.078199,-3.816405,1.994084,11.688431
64500.000000,43,0.799459,4.074827,-3.640713,1.993442,11.332376
64600.000000,43,0.799478,4.073034,-3.693816,1.993514,11.436707
64700.000000,43,0.799452,4.070953,-3.856163,1.993199,11.757056
64800.000000,43,0.799519,4.070060,-3.584384,1.993164,11.214325
64900.000000,43,0.799559,4.068445,-3.559413,1.993035,11.162481
65000.000000,43,0.799631,4.068272,-3.241729,1.993031,10.529137
65100.000000,43,0.799725,4.067365,-3.195588,1.993257,10.436991
65200.000000,43,0.799614,4.064529,-3.313701,1.992991,10.668704
65300.000000,43,0.799691,4.066418,-3.717027,1.992818,11.473776
65400.000000,43,0.799569,4.064037,-3.482584,1.992630,11.003538
65500.000000,43,0.799593,4.064432,-3.654819,1.992550,11.346840
65600.000000,43,0.799582,4.063021,-3.922882,1.992591,11.879722
65700.000000,43,0.799566,4.061210,-4.246957,1.992588,12.523643
65800.000000,43,0.799535,4.059705,-3.971273,1.992705,11.973280
65900.000000,43,0.799397,4.056568,-3.701824,1.992443,11.432240
66000.000000,43,0.799527,4.061429,-3.713049,1.992530,11.459791
66100.000000,43,0.799432,4.060581,-3.736889,1.992300,11.505584
66200.000000,43,0.799439,4.061484,-3.825559,1.992130,11.682495
66300.000000,43,0.799170,4.057059,-4.042077,1.991780,12.107987
66400.000000,43,0.799255,4.057194,-4.098844,1.991762,12.221117
66500.000000,43,0.799258,4.055518,-4.240610,1.991534,12.500837
66600.000000,43,0.799153,4.053023,-3.953370,1.991577,11.926463
66700.000000,43,0.799112,4.050986,-3.668418,1.991724,11.357462
66800.000000,43,0.799005,4.048114,-3.856789,1.991317,11.728204
66900.000000,43,0.798801,4.044278,-3.701179,1.991001,11.413331
67000.000000,43,0.798832,4.045024,-3.522265,1.990791,11.057119
67100.000000,43,0.798915,4.045135,-3.420161,1.991118,10.855077
67200.000000,43,0.798955,4.044954,-3.442401,1.991146,10.899275
67300.000000,43,0.799034,4.044271,-3.520122,1.990996,11.052818
67400.000000,43,0.798872,4.040659,-3.577343,1.990950,11.162969
67500.000000,43,0.798805,4.037568,-3.244021,1.990800,10.495766
67600.000000,43,0.798788,4.035529,-3.211307,1.990828,10.428690
67700.000000,43,0.798937,4.036604,-3.159075,1.990960,10.326197
67800.000000,43,0.799056,4.036414,-3.509409,1.991195,11.024331
67900.000000,43,0.798948,4.034270,-3.456465,1.990781,10.915333
68000.000000,43,0.798993,4.034890,-4.946237,1.990721,13.881465
68100.000000,43,0.798998,4.037179,-4.466529,1.990925,12.929704
68200.000000,43,0.799131,4.038367,-4.218731,1.991158,12.438528
68300.000000,43,0.799183,4.038946,-4.081124,1.991171,12.165162
68400.000000,43,0.799196,4.036572,-3.889054,1.991170,11.780338
68500.000000,43,0.799212,4.036455,-3.976903,1.991168,11.955136
68600.000000,43,0.799219,4.034406,-3.892908,1.991414,11.786797
68700.000000,43,0.799108,4.031417,-4.314071,1.991339,12.622196
68800.000000,43,0.798990,4.028548,-4.383974,1.991090,12.757434
68900.000000,43,0.798999,4.026640,-4.557647,1.990987,13.100856
69000.000000,43,0.798850,4.024444,-4.833034,1.990841,13.646243
69100.000000,43,0.798846,4.023555,-4.859556,1.990781,13.697869
69200.000000,43,0.798912,4.023468,-5.131787,1.990737,14.239506
69300.000000,43,0.798983,4.023106,-5.512721,1.991010,14.998990
69400.000000,43,0.799009,4.023012,-5.439614,1.990994,14.853252
69500.000000,43,0.798995,4.021445,-5.378213,1.991165,14.730357
69600.000000,43,0.799147,4.024538,-5.396772,1.991480,14.772101
69700.000000,43,0.799275,4.027601,-4.936585,1.991822,13.860401
69800.000000,43,0.799170,4.025042,-4.413589,1.991676,12.815482
69900.000000,43,0.799155,4.023088,-4.259997,1.991731,12.507857
70000.000000,43,0.798935,4.019366,-3.756420,1.991443,11.500061
70100.000000,43,0.798944,4.018094,-3.421744,1.991284,10.831757
70200.000000,43,0.798918,4.018080,-3.261240,1.991168,10.511756
70300.000000,43,0.798863,4.015189,-3.034253,1.991110,10.056720
70400.000000,43,0.798684,4.011961,-2.966294,1.990866,9.917456
70500.000000,43,0.798695,4.011078,-2.997096,1.990936,9.978105
70600.000000,43,0.798635,4.010078,-3.024808,1.990807,10.031888
70700.000000,43,0.798556,4.009089,-2.926847,1.990919,9.836206
70800.000000,43,0.798770,4.013946,-2.899073,1.991031,9.786092
70900.000000,43,0.798787,4.016278,-3.270090,1.991368,10.528230
71000.000000,43,0.798760,4.015214,-3.123959,1.991380,10.236204
71100.000000,43,0.798720,4.012921,-3.042357,1.991392,10.071447
71200.000000,43,0.798812,4.013123,-2.777620,1.991629,9.545112
71300.000000,43,0.798800,4.013068,-2.928518,1.991445,9.845049
71400.000000,43,0.798846,4.013027,-2.760261,1.991541,9.510199
71500.000000,43,0.798768,4.012663,-3.306974,1.991161,10.597380
71600.000000,43,0.798591,4.009757,-3.086775,1.990880,10.155155
71700.000000,43,0.798484,4.006904,-2.414799,1.990600,8.813802
71800.000000,43,0.798347,4.005947,-2.390152,1.990432,8.763381
71900.000000,43,0.798248,4.004036,-2.283926,1.990459,8.550097
72000.000000,43,0.798199,4.001704,-2.304205,1.990292,8.587744
72100.000000,43,0.798242,4.005932,-2.147191,1.990444,8.279795
72200.000000,43,0.798303,4.006430,-1.248787,1.990665,6.492346
72300.000000,43,0.798261,4.003831,-0.944310,1.990567,5.883543
72400.000000,43,0.798246,4.002261,-0.933249,1.990635,5.860019
72500.000000,43,0.798299,4.002147,-0.502232,1.990593,5.001887
72600.000000,43,0.798309,4.001112,-0.321843,1.990579,4.641765
72700.000000,43,0.798375,4.009425,-0.684417,1.990743,5.371924
72800.000000,43,0.798662,4.034978,-0.553622,1.990865,5.137164
72900.000000,43,0.798629,4.032847,-0.518066,1.990782,5.064203
73000.000000,43,0.798537,4.030707,-0.597283,1.990630,5.219676
73100.000000,43,0.798540,4.040809,-0.259631,1.990848,4.557695
73200.000000,43,0.798241,4.036762,0.073809,1.990342,3.889857
73300.000000,43,0.798356,4.042030,-0.084291,1.990518,4.209814
73400.000000,43,0.798397,4.039781,0.484273,1.990518,3.075827
73500.000000,43,0.798632,4.051788,0.893309,1.990993,2.273216
73600.000000,43,0.798639,4.050910,1.190194,1.991005,1.681227
73700.000000,43,0.798568,4.049537,0.865821,1.990760,2.325896
73800.000000,43,0.798551,4.048196,1.163768,1.990596,1.731603
73900.000000,43,0.798512,4.046889,1.038100,1.990568,1.980479
74000.000000,43,0.798585,4.047173,1.235521,1.990500,1.587868
74100.000000,43,0.798474,4.045265,0.933493,1.990486,2.187160
74200.000000,43,0.798523,4.044305,0.940571,1.990701,2.171909
74300.000000,43,0.798483,4.041782,0.506492,1.990579,3.033570
74400.000000,43,0.798446,4.039403,0.705536,1.990739,2.634864
74500.000000,43,0.798446,4.038763,1.251543,1.990671,1.547353
74600.000000,43,0.798579,4.039512,1.623566,1.990764,0.807374
74700.000000,43,0.798672,4.043468,1.605077,1.990964,0.847817
74800.000000,43,0.798734,4.044068,1.581646,1.990963,0.895071
74900.000000,43,0.798837,4.046246,1.329972,1.991055,1.398199
75000.000000,43,0.798817,4.044660,1.488549,1.991053,1.080880
75100.000000,43,0.798726,4.043155,1.404923,1.990799,1.246236
75200.000000,43,0.798625,4.040626,1.743915,1.990678,0.569052
75300.000000,43,0.798681,4.039141,1.815834,1.990531,0.424667
75400.000000,43,0.798912,4.044242,1.969416,1.990676,0.123772
75500.000000,43,0.799154,4.050660,1.823712,1.990861,0.419903
75600.000000,43,0.799332,4.063146,1.841628,1.991005,0.396455
75700.000000,43,0.799337,4.063961,1.696058,1.991083,0.686968
75800.000000,43,0.799258,4.062089,1.972135,1.990871,0.135823
75900.000000,43,0.799239,4.061378,2.266409,1.990738,-0.450449
76000.000000,43,0.799114,4.058966,2.186124,1.990513,-0.292544
76100.000000,43,0.799223,4.059356,1.730668,1.990749,0.614031
76200.000000,43,0.799080,4.056672,1.985215,1.990564,0.104975
76300.000000,43,0.799078,4.054754,1.823677,1.990550,0.424633
76400.000000,43,0.798802,4.051683,1.969769,1.990262,0.131328
76500.000000,43,0.798693,4.049043,1.806511,1.990248,0.453638
76600.000000,43,0.798536,4.046123,1.483008,1.990339,1.094434
76700.000000,43,0.798618,4.048307,1.213401,1.990404,1.633148
76800.000000,43,0.798615,4.046761,1.854769,1.990299,0.355215
76900.000000,43,0.798629,4.048362,1.811722,1.990091,0.442869
77000.000000,43,0.798520,4.046277,1.614617,1.990000,0.833189
77100.000000,43,0.798568,4.046070,1.405721,1.989909,1.248813
77200.000000,43,0.798423,4.043041,1.972649,1.989858,0.117750
77300.000000,43,0.798348,4.040529,1.834732,1.989871,0.389650
77400.000000,43,0.798378,4.039874,1.814064,1.990013,0.429863
77500.000000,43,0.798354,4.037706,2.008297,1.990065,0.041066
77600.000000,43,0.798497,4.043926,2.062231,1.990322,-0.060578
77700.000000,43,0.798539,4.043688,2.086423,1.990425,-0.109180
77800.000000,43,0.798474,4.043459,2.135198,1.990026,-0.205639
77900.000000,43,0.798504,4.045833,1.786322,1.990039,0.490983
78000.000000,43,0.798448,4.043387,1.359841,1.989923,1.337407
78100.000000,43,0.798403,4.041126,1.409366,1.989731,1.236867
78200.000000,43,0.798299,4.038779,1.625588,1.989693,0.804358
78300.000000,43,0.798295,4.036841,1.626944,1.989770,0.799596
78400.000000,43,0.798434,4.038116,1.743874,1.989911,0.567963
78500.000000,43,0.798331,4.036040,1.580228,1.989732,0.891808
78600.000000,43,0.798402,4.038369,1.538993,1.989835,0.976027
78700.000000,43,0.798287,4.036821,1.565809,1.989657,0.921397
78800.000000,43,0.798127,4.034230,1.777485,1.989556,0.497825
78900.000000,43,0.798153,4.033333,2.094045,1.989544,-0.132861
79000.000000,43,0.798324,4.035511,1.876617,1.989785,0.301448
79100.000000,43,0.798215,4.034487,1.644659,1.989444,0.762531
79200.000000,43,0.798246,4.034348,1.437269,1.989533,1.174854
79300.000000,43,0.798226,4.033258,1.447999,1.989559,1.152378
79400.000000,43,0.798304,4.035489,1.340045,1.989559,1.369390
79500.000000,43,0.798218,4.032995,0.782127,1.989270,2.477133
79600.000000,43,0.798222,4.031268,0.877674,1.989560,2.285083
79700.000000,43,0.798223,4.030353,0.863316,1.989737,2.312582
79800.000000,43,0.798245,4.030112,1.170384,1.989862,1.701209
79900.000000,43,0.798188,4.029211,1.493841,1.989912,1.056598
80000.000000,43,0.798195,4.028559,1.373626,1.989912,1.295162
80100.000000,43,0.798318,4.031866,1.489886,1.989938,1.067087
80200.000000,43,0.798116,4.029021,1.555205,1.990025,0.934125
80300.000000,43,0.798122,4.028515,1.417659,1.990249,1.207021
80400.000000,43,0.798260,4.043460,1.514326,1.990286,1.029519
80500.000000,43,0.798204,4.041591,1.574335,1.990484,0.907903
80600.000000,43,0.798345,4.048807,1.255070,1.990682,1.550361
80700.000000,43,0.798461,4.051187,1.344786,1.990843,1.373930
80800.000000,43,0.798415,4.048728,1.347011,1.990780,1.367126
80900.000000,43,0.798517,4.057240,1.346824,1.991088,1.375595
81000.000000,44,0.798758,4.093709,1.001776,1.991568,2.098604
81100.000000,44,0.799013,4.111975,1.437841,1.991603,1.248366
81200.000000,44,0.799018,4.110977,1.686601,1.991515,0.752087
81300.000000,44,0.799246,4.122923,1.848104,1.991857,0.441763
81400.000000,44,0.799252,4.122144,1.783704,1.991806,0.569351
81500.000000,44,0.799215,4.120913,1.980404,1.991669,0.176604
81600.000000,44,0.799129,4.119583,3.357873,1.991458,-2.567482
81700.000000,44,0.799009,4.118151,3.395435,1.991261,-2.643045
81800.000000,44,0.798929,4.115464,2.719737,1.991002,-1.299540
81900.000000,44,0.798957,4.114716,2.765804,1.990904,-1.391732
82000.000000,44,0.798866,4.114233,2.833056,1.990817,-1.525862
82100.000000,44,0.798778,4.114708,2.541558,1.990585,-0.944478
82200.000000,44,0.798792,4.114221,2.617518,1.990401,-1.095690
82300.000000,44,0.798790,4.115508,2.620311,1.990498,-1.100216
82400.000000,44,0.798772,4.113370,2.614711,1.990291,-1.090667
82500.000000,44,0.798832,4.114656,2.627635,1.990436,-1.115485
82600.000000,44,0.798659,4.111693,1.827770,1.990230,0.474011
82700.000000,44,0.798774,4.114564,1.296447,1.990508,1.533975
82800.000000,44,0.798774,4.113231,1.250155,1.990302,1.625046
82900.000000,44,0.798770,4.111531,1.656795,1.990458,0.813749
83000.000000,44,0.798681,4.109386,1.640897,1.990482,0.843211
83100.000000,44,0.798591,4.107035,1.897523,1.990481,0.330051
83200.000000,44,0.798654,4.106498,1.792662,1.990421,0.538347
83300.000000,44,0.798641,4.105250,1.685273,1.990396,0.750890
83400.000000,44,0.798594,4.103308,1.572045,1.990324,0.974430
83500.000000,44,0.798725,4.103886,0.517148,1.990228,3.074645
83600.000000,44,0.798735,4.103309,0.548049,1.990299,3.012527
83700.000000,44,0.798730,4.101628,0.541744,1.990287,3.023403
83800.000000,44,0.798749,4.100927,0.343447,1.990370,3.417339
83900.000000,44,0.798669,4.099183,1.018036,1.990298,2.072988
84000.000000,44,0.798775,4.100467,0.882325,1.990405,2.344283
84100.000000,44,0.798782,4.100605,0.181912,1.990214,3.738562
84200.000000,44,0.798847,4.102683,0.057867,1.990309,3.987509
84300.000000,44,0.799026,4.106411,0.260242,1.990546,3.588389
84400.000000,44,0.799153,4.106601,0.456387,1.990569,3.198131
84500.000000,44,0.799040,4.107028,0.612477,1.990497,2.887894
84600.000000,44,0.799150,4.108422,0.623914,1.990709,2.866391
84700.000000,44,0.799169,4.108735,0.546421,1.990767,3.020937
84800.000000,44,0.799350,4.111461,1.066205,1.991085,1.988556
84900.000000,44,0.799506,4.114455,1.191595,1.991343,1.741581
85000.000000,44,0.799712,4.120281,1.468762,1.991718,1.194921
85100.000000,44,0.799802,4.121321,1.511459,1.991810,1.110783
85200.000000,44,0.799890,4.122294,1.726393,1.991854,0.683571
85300.000000,44,0.799980,4.124718,1.751940,1.992098,0.634681
85400.000000,44,0.800091,4.125141,1.471416,1.992330,1.193595
85500.000000,44,0.800016,4.124168,1.508305,1.992327,1.119131
85600.000000,44,0.799998,4.125827,1.368748,1.992383,1.398757
85700.000000,44,0.799909,4.123407,1.446259,1.992275,1.242060
85800.000000,44,0.799854,4.120560,1.615542,1.992343,0.901846
85900.000000,44,0.799815,4.118563,1.891256,1.992119,0.350957
86000.000000,44,0.799817,4.118393,1.873960,1.992244,0.385007
86100.000000,44,0.799879,4.118837,2.014433,1.992184,0.105716
86200.000000,44,0.799911,4.118151,2.634612,1.992332,-1.130870
86300.000000,44,0.799916,4.116371,2.556117,1.992178,-0.975871
86400.000000,44,0.799991,4.116744,2.533714,1.992338,-0.931271
86500.000000,44,0.800060,4.117765,2.862924,1.992335,-1.586140
86600.000000,44,0.799976,4.115322,2.951470,1.992113,-1.764339
86700.000000,44,0.799902,4.112835,2.856539,1.992053,-1.577542
86800.000000,44,0.799918,4.112006,2.697293,1.992097,-1.261263
86900.000000,44,0.799770,4.109579,2.512576,1.991853,-0.895102
87000.000000,44,0.799720,4.109518,2.724397,1.991839,-1.317043
87100.000000,44,0.799582,4.106687,2.611703,1.991699,-1.095039
87200.000000,44,0.799574,4.106782,2.640342,1.991548,-1.151586
87300.000000,44,0.799480,4.106099,2.265386,1.991443,-0.405289
87400.000000,44,0.799499,4.104762,2.444952,1.991487,-0.764330
87500.000000,44,0.799462,4.103488,2.736109,1.991463,-1.345371
87600.000000,44,0.799491,4.102586,2.741854,1.991598,-1.358084
87700.000000,44,0.799408,4.100697,2.952222,1.991425,-1.778431
87800.000000,44,0.799428,4.101409,3.758161,1.991469,-3.382853
87900.000000,44,0.799499,4.106020,3.715163,1.991593,-3.293071
88000.000000,44,0.799421,4.104384,3.778859,1.991557,-3.421429
88100.000000,44,0.799325,4.102233,4.221026,1.991305,-4.303118
88200.000000,44,0.799303,4.100832,4.479341,1.991270,-4.818743
88300.000000,44,0.799445,4.104078,4.483159,1.991552,-4.824365
88400.000000,44,0.799417,4.102795,3.959727,1.991572,-3.783287
88500.000000,44,0.799544,4.107962,4.396474,1.991718,-4.648573
88600.000000,44,0.799617,4.110413,4.537793,1.991828,-4.928092
88700.000000,44,0.799605,4.110149,4.745746,1.991871,-5.342767
88800.000000,44,0.799558,4.109686,4.740175,1.991644,-5.331056
88900.000000,44,0.799432,4.107107,5.653268,1.991496,-7.151355
89000.000000,44,0.799442,4.106618,5.341138,1.991640,-6.531009
89100.000000,44,0.799396,4.104730,5.107131,1.991672,-6.067001
89200.000000,44,0.799398,4.105916,4.972782,1.991850,-5.799118
89300.000000,44,0.799292,4.103665,5.281171,1.991680,-6.414737
89400.000000,44,0.799246,4.102471,4.959604,1.991678,-5.775463
89500.000000,44,0.799096,4.099579,4.768121,1.991698,-5.397079
89600.000000,44,0.799063,4.098322,4.754925,1.991574,-5.371462
89700.000000,44,0.799193,4.101670,4.565420,1.991594,-4.990795
89800.000000,44,0.799216,4.099484,4.443561,1.991548,-4.750080
89900.000000,44,0.799255,4.099269,3.886336,1.991746,-3.641327
90000.000000,44,0.799277,4.097754,4.018244,1.991756,-3.905606
90100.000000,44,0.799219,4.096294,3.982886,1.991643,-3.836191
90200.000000,44,0.799349,4.096739,3.880082,1.992018,-3.632453
90300.000000,44,0.799338,4.095212,4.313189,1.992159,-4.497348
90400.000000,44,0.799321,4.093789,4.230480,1.992212,-4.334225
90500.000000,44,0.799270,4.092434,3.771136,1.992188,-3.420377
90600.000000,44,0.799267,4.090675,3.614470,1.992241,-3.110219
90700.000000,44,0.799131,4.087920,4.224291,1.992106,-4.327316
90800.000000,44,0.799187,4.088780,4.186186,1.992026,-4.250213
90900.000000,44,0.799249,4.088850,4.337843,1.992398,-4.553862
91000.000000,44,0.799390,4.091925,4.118177,1.992604,-4.113971
91100.000000,44,0.799355,4.090620,4.280696,1.992569,-4.438960
91200.000000,44,0.799423,4.090539,4.888813,1.992873,-5.652243
91300.000000,44,0.799532,4.095849,5.092438,1.993078,-6.053776
91400.000000,44,0.799471,4.094125,5.281053,1.992888,-6.430424
91500.000000,44,0.799441,4.093569,5.614425,1.992918,-7.095520
91600.000000,44,0.799424,4.092477,5.560263,1.992893,-6.988532
91700.000000,44,0.799474,4.092717,6.454370,1.992977,-8.770694
91800.000000,44,0.799462,4.091953,6.444356,1.992778,-8.750215
91900.000000,44,0.799483,4.092430,6.222015,1.992818,-8.306915
92000.000000,44,0.799485,4.090950,6.424255,1.992761,-8.711054
92100.000000,44,0.799525,4.091651,6.801780,1.992845,-9.463239
92200.000000,44,0.799531,4.090908,6.867618,1.992874,-9.595391
92300.000000,44,0.799544,4.094298,7.095740,1.992893,-10.046751
92400.000000,44,0.799530,4.095061,7.345677,1.992814,-10.543507
92500.000000,44,0.799400,4.093299,7.594075,1.992692,-11.039352
92600.000000,44,0.799278,4.091454,7.338660,1.992289,-10.529280
92700.000000,44,0.799342,4.090535,7.418427,1.992524,-10.690861
92800.000000,44,0.799425,4.090671,7.150471,1.992705,-10.158106
92900.000000,44,0.799485,4.093783,7.238281,1.992874,-10.331199
93000.000000,44,0.799453,4.094317,7.650847,1.992828,-11.152505
93100.000000,44,0.799450,4.094203,7.661693,1.992836,-11.174291
93200.000000,44,0.799438,4.092470,7.784406,1.992897,-11.421049
93300.000000,44,0.799349,4.092280,7.659448,1.992701,-11.170709
93400.000000,44,0.799323,4.090530,7.970733,1.992687,-11.792648
93500.000000,44,0.799355,4.090658,7.760032,1.992631,-11.372224
93600.000000,44,0.799442,4.091731,7.663313,1.992724,-11.179140
93700.000000,44,0.799472,4.092579,7.710922,1.993063,-11.275774
93800.000000,44,0.799391,4.091875,7.719804,1.992996,-11.293661
93900.000000,44,0.799462,4.092163,7.737186,1.993110,-11.328899
94000.000000,44,0.799598,4.093754,7.784333,1.993394,-11.423486
94100.000000,44,0.799674,4.096126,7.558302,1.993464,-10.971079
94200.000000,44,0.799745,4.097079,7.463017,1.993439,-10.779994
94300.000000,44,0.799874,4.102125,7.416771,1.993775,-10.685249
94400.000000,44,0.799955,4.102040,7.339884,1.993739,-10.531776
94500.000000,44,0.800003,4.101832,7.987900,1.993820,-11.824604
94600.000000,44,0.800033,4.100747,8.044510,1.993953,-11.939632
94700.000000,44,0.799964,4.098663,8.111412,1.993812,-12.073967
94800.000000,44,0.799921,4.097327,8.376034,1.993724,-12.602171
94900.000000,44,0.799963,4.101484,8.651926,1.993688,-13.147756
95000.000000,44,0.799914,4.099890,8.200817,1.993768,-12.250641
95100.000000,44,0.799824,4.097787,8.002633,1.993680,-11.856906
95200.000000,44,0.799886,4.099336,8.030179,1.993582,-11.909484
95300.000000,44,0.799823,4.098001,8.284581,1.993305,-12.415698
95400.000000,44,0.799881,4.097686,7.999649,1.993354,-11.848448
95500.000000,44,0.799864,4.096013,8.001470,1.993225,-11.852718
95600.000000,44,0.799826,4.094604,8.358624,1.993285,-12.566512
95700.000000,44,0.799756,4.093610,8.037506,1.993218,-11.926895
95800.000000,44,0.799776,4.095439,8.276485,1.993111,-12.400511
95900.000000,44,0.799863,4.098403,8.120698,1.993420,-12.089561
96000.000000,44,0.799781,4.096885,8.665975,1.993240,-13.176480
96100.000000,44,0.799748,4.095249,8.770389,1.993184,-13.385751
96200.000000,44,0.799672,4.093961,8.712693,1.993056,-13.270925
96300.000000,44,0.799739,4.095052,8.653868,1.993209,-13.153912
96400.000000,44,0.799644,4.092591,8.695898,1.993008,-13.238407
96500.000000,44,0.799502,4.091319,9.114857,1.992881,-14.073504
96600.000000,44,0.799412,4.089707,9.114218,1.992785,-14.072967
96700.000000,44,0.799505,4.089597,8.398850,1.992989,-12.649216
96800.000000,44,0.799549,4.089507,8.142230,1.993151,-12.139185
96900.000000,44,0.799606,4.089638,7.431579,1.993199,-10.722980
97000.000000,44,0.799727,4.091127,7.511968,1.993258,-10.882160
97100.000000,44,0.799748,4.091443,7.586909,1.993223,-11.030962
97200.000000,44,0.799681,4.089582,7.464884,1.993158,-10.789115
97300.000000,44,0.799841,4.092050,7.603616,1.993320,-11.064388
97400.000000,44,0.799857,4.093101,8.275294,1.993316,-12.402177
97500.000000,44,0.799959,4.093322,8.182259,1.993446,-12.217572
97600.000000,44,0.800061,4.095795,7.760599,1.993576,-11.375549
97700.000000,44,0.799998,4.094140,7.787087,1.993419,-11.428783
97800.000000,44,0.799836,4.092012,7.801968,1.993282,-11.459511
97900.000000,44,0.799831,4.091288,8.087391,1.993422,-12.030295
98000.000000,44,0.799809,4.090767,8.039343,1.993378,-11.934679
98100.000000,44,0.799850,4.089756,8.191602,1.993435,-12.239672
98200.000000,44,0.799800,4.088933,8.222672,1.993259,-12.300979
98300.000000,44,0.799835,4.087791,8.270808,1.993377,-12.399051
98400.000000,44,0.799915,4.092401,8.571761,1.993577,-12.996067
98500.000000,44,0.799907,4.091268,8.380463,1.993513,-12.615292
98600.000000,44,0.799895,4.090959,8.390084,1.993438,-12.634154
98700.000000,44,0.799792,4.089203,8.405539,1.993374,-12.666179
98800.000000,44,0.799819,4.088376,8.090831,1.993229,-12.038500
98900.000000,44,0.799915,4.087427,8.079582,1.993337,-12.017900
99000.000000,44,0.799945,4.087567,8.057220,1.993323,-11.973076
99100.000000,44,0.800050,4.089199,7.627995,1.993269,-11.115451
99200.000000,44,0.800071,4.089573,8.796608,1.993206,-13.443876
99300.000000,44,0.800179,4.096436,8.781995,1.993323,-13.408918
99400.000000,44,0.800014,4.094355,9.092129,1.993219,-14.028253
99500.000000,44,0.800001,4.093901,8.870665,1.993156,-13.586717
99600.000000,44,0.800092,4.099634,8.591465,1.993343,-13.026105
99700.000000,44,0.800057,4.098287,8.449572,1.993340,-12.744582
99800.000000,44,0.800168,4.102210,8.334014,1.993517,-12.511789
99900.000000,44,0.800201,4.101697,8.072587,1.993493,-11.990953
100000.000000,44,0.800115,4.099665,8.608523,1.993400,-13.060564
100000.059892,44,0.800115,4.099698,8.114703,1.993409,-12.076223
